"problem_type","model_name","version_no","algorithm","avg_f1","avg_acc","avg_vloss","run_count"
"Classification","ChurnGuard","v2.0","LightGBM","0.8895","0.8852","0.9291","1"
"Clustering","ClusterX","v2.0","DBSCAN","0.7029","0.7029","1.3071","1"
"Computer Vision","ImageSortNet","v3.0","EfficientNet-B4","0.7981","0.8096","0.9451","3"
"Generative","RecoEngine","v1.0","Diffusion","0.6332","0.6280","0.6372","3"
"NLP","DocParser","v1.0","DistilBERT","0.9095","0.9018","1.2078","1"
"Object Detection","ObjectFind","v2.0","EfficientDet","0.7374","0.7428","0.7692","1"
"Other","RetentionRL","v3.0","A3C","0.5878","0.6039","0.2386","1"
"Regression","DemandForecast","v3.0","LightGBM Regressor","0.8069","0.8096","0.7089","1"
